ClassID,Enrollment,Days,StartSlot,Length
1,66,1010100,90,12
2,90,1010100,90,12
3,80,1010100,90,12
4,60,1010100,90,12
5,54,1010100,90,12
6,34,1000000,90,12
7,91,1010100,90,12
8,48,1000000,90,12
9,80,1010100,90,12
10,70,1010100,90,12
11,80,1000000,90,12
12,118,1010100,90,12
13,75,1010100,90,12
14,42,0001000,162,36
15,54,1010000,90,12
16,54,1000000,90,36
17,66,1010100,90,12
18,65,1010100,90,12
19,88,0101000,180,18
1976,20,1000000,90,24
1977,20,1000000,90,24
1978,20,1000000,90,24
1979,20,1000000,90,24
1980,20,1000000,90,24
1981,20,1000000,90,24
1982,20,1000000,90,24
1727,20,0010000,90,24
1728,20,0010000,114,24
1729,20,0010000,138,24
1730,20,0010000,162,24
1731,20,1000000,90,24
1732,20,0001000,138,24
1733,20,0001000,162,24
1734,20,1000000,90,24
1735,20,1000000,114,24
1736,20,1000000,138,24
1737,20,1000000,162,24
1738,20,1000000,90,24
1739,20,1000000,90,24
1740,20,1000000,90,24
1983,20,1000000,90,24
1984,20,1000000,90,24
1985,20,1000000,90,24
1986,20,1000000,90,24
1987,20,1000000,90,24
1988,20,1000000,90,24
1989,20,1000000,90,24
1990,20,1000000,90,24
1991,20,1000000,90,24
1741,20,1000100,90,24
1742,20,1000100,114,24
1743,20,1000100,138,24
1744,20,1000100,162,24
1745,20,0101000,90,24
1746,20,1010000,90,24
1747,20,0101000,114,24
1748,20,1010000,90,24
1749,20,1010000,90,24
1750,17,1010100,90,24
1751,17,1010100,90,24
1752,17,1010100,90,24
1753,17,1010100,90,24
1754,17,1010100,90,24
1755,17,1010100,90,24
1756,17,1010100,90,24
1757,17,1010100,90,24
1758,17,1010100,90,24
1759,17,1010100,90,24
1760,17,1010100,90,24
1761,17,1010100,90,24
1762,17,1010100,90,24
1763,17,1010100,90,24
1764,17,1010100,90,24
1765,15,0100000,90,36
1766,15,1000000,90,36
1767,15,0001000,90,36
1768,15,0010000,90,36
1769,15,0101000,90,36
1770,15,0101000,90,36
1771,16,1010000,90,36
1772,16,1010000,90,36
1773,16,1010000,90,36
1774,15,0101000,90,36
1775,15,0101000,90,36
1776,12,1010000,90,36
1777,12,1010000,90,36
1778,16,1010000,90,36
1779,16,1010000,90,36
1780,16,1010000,90,36
1781,16,1010000,90,36
1782,16,1010000,90,36
1783,16,1010000,90,36
1784,16,1010000,90,36
1785,13,1010100,90,24
1786,13,1010000,90,36
1787,45,1010100,90,12
20,172,1010100,114,12
21,172,0101000,198,18
1788,16,0101000,90,18
1789,16,0101000,90,18
1790,16,0101000,90,18
1791,16,1000000,90,36
1792,16,1000000,90,36
1793,16,1000000,90,36
1794,16,1000000,90,36
1795,15,1010000,90,36
1796,15,1010000,90,36
1797,15,0101000,90,36
1798,16,1010000,90,36
1799,16,1010000,90,36
1800,45,1010000,210,18
22,180,0101000,126,18
23,180,0101000,144,18
1801,16,1010000,90,36
1802,16,1010000,90,36
1803,12,1010000,90,36
1992,16,1000000,90,12
1993,16,1000000,90,12
1994,16,1000000,90,12
1995,16,1000000,90,24
1996,16,1000000,150,24
1997,16,1000000,90,24
1998,16,1000000,90,36
1999,16,1000000,90,36
2000,16,1000000,90,36
1804,15,1010000,90,36
1805,15,1010000,90,36
1806,15,1010000,186,36
1807,12,0000100,90,36
1808,12,0010000,90,36
1809,15,1010000,90,36
1810,15,1010000,90,36
1811,15,0101000,90,36
1812,15,1010000,90,36
1813,43,0101000,126,18
1814,16,1010000,90,36
1815,16,1010000,90,36
1816,16,1010000,90,36
1817,15,1010000,90,36
1818,16,0000100,102,36
1819,16,1010000,90,36
1820,16,1010000,90,36
1821,15,1010000,90,36
1822,15,1010000,90,36
1823,15,0101000,90,36
1824,16,1010000,90,36
1825,16,1010000,90,36
1826,15,1010000,90,36
1827,16,1010000,90,36
1828,16,1010000,90,36
1829,12,0010000,174,36
1830,12,0000100,174,36
24,82,0101000,198,18
1831,45,0101000,90,18
25,80,0101000,180,18
1832,18,1010000,90,24
1833,16,1010000,174,36
1834,15,1010000,90,36
1835,16,1010000,90,36
1836,16,1010000,90,36
1837,30,0100000,90,12
1838,15,0100000,90,24
1839,15,0100000,90,24
1840,15,0001000,90,36
1841,15,0001000,90,36
1842,32,0101000,90,18
1843,45,1000000,186,36
1844,10,1010000,90,36
1845,15,1010000,90,36
1846,10,0101000,90,18
1847,32,0010000,228,24
1848,15,1010000,90,36
1849,10,0001000,228,36
1850,0,0010000,186,24
1851,0,1000000,90,24
1852,10,0100000,216,24
1853,12,0010000,222,36
1854,15,1000000,216,36
1855,10,1000000,186,36
1856,15,0001000,228,36
1857,10,0000100,138,36
1858,10,0001000,222,36
1859,10,1000000,186,36
1860,10,0001000,210,36
1861,10,0010000,216,36
2001,36,1010100,90,12
2002,16,1000000,90,36
2003,16,1000000,90,36
26,270,1010100,174,12
27,270,1010100,186,12
28,425,1010100,90,12
29,120,0101000,144,18
30,132,1010100,126,12
31,100,1010000,114,12
32,100,0000100,114,12
33,100,1010100,138,12
34,420,0101000,90,18
35,100,1010100,90,12
36,89,0101000,162,18
37,110,0101000,108,18
38,60,1010100,90,12
39,120,1000000,90,12
40,67,0100000,114,12
41,189,1010100,114,12
42,118,1000000,90,12
43,82,1010100,114,12
44,88,1010000,90,12
45,88,1010000,90,12
46,89,1111000,90,12
47,75,1000000,90,12
48,85,1010100,90,12
49,85,1010000,90,12
2004,29,0100000,90,24
2005,28,0100000,114,24
2006,28,0100000,162,24
50,80,1010100,90,12
51,70,1010100,162,12
52,60,1000000,90,12
53,260,1010000,90,12
1444,30,1000000,90,12
1445,30,1000000,90,12
1446,30,1000000,90,12
1447,25,1000000,90,12
1448,25,1000000,90,12
1449,30,1000000,90,12
1450,30,1000000,90,12
1451,30,1000000,90,12
1452,30,1000000,90,12
1453,40,0101000,90,18
1454,40,0101000,90,18
54,150,1010000,90,12
1455,25,0001000,90,12
1456,25,0001000,90,12
1457,25,0001000,90,12
1458,25,0001000,90,12
1459,25,0001000,90,12
1460,25,0001000,90,12
55,220,0101000,90,18
56,80,0101000,90,18
1461,40,0100000,180,36
57,80,1010100,90,12
1462,10,1000000,162,24
1463,40,1010100,102,12
1464,40,0101000,126,18
1465,40,0101000,90,18
1466,40,0101000,90,18
1467,40,0100000,216,36
1468,20,0101000,90,18
1469,20,1000000,90,36
1470,10,1000000,162,24
58,105,0101000,90,18
59,38,0101000,90,18
60,60,1010000,114,12
61,60,0100000,138,12
62,60,0001000,138,12
63,360,1010000,90,12
64,90,1000000,234,24
65,90,0100000,234,24
66,90,0010000,234,24
67,90,0001000,234,24
68,125,0010000,213,12
69,48,1010000,90,12
70,145,1010100,90,12
71,107,1010100,90,12
72,75,1010100,90,12
73,96,1010000,90,12
74,82,1010000,90,12
75,80,1010000,90,12
76,80,1010000,90,12
77,60,1010100,90,12
78,78,1010000,90,12
79,80,1010000,90,12
80,92,1010000,90,12
81,45,1000100,90,12
82,45,1000100,102,12
83,80,1010000,90,12
84,80,1010100,90,12
85,364,0101000,174,12
86,182,1000000,90,12
87,182,1000000,90,12
88,0,0101000,102,12
89,0,0101000,150,12
90,0,1000000,102,12
91,0,1000000,102,12
92,0,1000000,102,12
93,430,1010100,126,12
2007,22,1000000,90,24
2008,22,1000000,90,24
2009,22,1000000,90,24
2010,22,1000000,90,24
2011,22,1000000,90,24
2012,16,1000000,90,24
2013,16,1000000,90,24
2014,16,1000000,90,24
2015,16,1000000,90,24
2016,16,1000000,90,24
94,290,0101000,90,12
95,290,0101000,114,12
96,189,1000000,90,12
97,189,1000000,90,12
98,202,1000000,90,12
99,250,1000000,90,12
100,390,1010100,162,12
101,300,1010100,186,12
102,240,1000000,90,12
103,75,0101000,150,12
104,75,0000100,138,12
105,60,1010000,90,12
106,359,0101000,162,12
107,50,0100000,150,12
108,45,0001000,150,12
109,50,1010100,138,12
110,75,1010100,90,12
111,50,1010100,126,12
112,40,0101000,180,18
113,50,1010100,150,12
114,50,1010100,90,12
115,0,0010000,192,24
116,50,0101000,90,18
117,50,1000000,192,24
118,50,1010100,90,12
119,50,1000000,192,24
120,50,0101000,90,18
121,75,0101000,90,18
122,50,1010100,90,12
123,80,1000000,90,12
124,50,1000000,90,12
125,50,1000000,90,12
126,196,1000000,90,12
127,196,1010000,126,12
128,196,0001000,162,24
129,70,1010000,138,12
130,70,0000100,126,24
131,80,0001000,96,19
132,75,1000000,102,24
133,30,1000000,162,24
134,16,0001000,192,12
135,118,1010100,90,12
136,118,1010100,90,12
137,50,1010000,90,12
138,75,1010000,90,12
139,90,0101000,108,18
140,60,1010100,126,12
141,80,1010000,150,12
142,70,0010100,114,12
143,100,1010100,138,12
144,100,0100000,162,12
145,100,1010100,126,12
146,115,1010100,90,12
147,40,0101000,162,18
148,63,1010000,150,12
149,63,0000100,150,12
150,60,1010000,114,12
151,112,1010100,162,12
152,160,1010100,102,12
153,50,1010100,114,12
154,100,0101000,144,18
155,80,1010100,102,12
156,82,1010000,90,12
157,82,0000100,90,12
158,85,0101000,126,18
159,90,0001000,180,18
160,70,1010100,114,12
161,60,1010100,162,12
162,60,1010100,150,12
163,80,0101000,102,12
2017,30,1000000,90,36
164,100,0100000,198,12
165,100,0100000,186,12
166,100,0001000,186,24
167,325,1010000,90,12
168,325,1010000,90,12
2018,0,0100000,90,24
2019,0,0100000,90,24
2020,0,0100000,90,24
2021,0,0100000,90,24
2022,0,0100000,90,24
2023,0,0100000,90,24
2024,0,0100000,90,24
2025,0,0100000,90,24
2026,0,0100000,90,24
2027,0,0100000,90,24
2028,0,0100000,90,24
2029,0,0100000,90,24
2030,0,0100000,90,24
2031,0,0100000,90,24
2032,0,0100000,90,24
2033,0,0100000,90,24
2034,0,0100000,90,24
2035,0,0100000,90,24
2036,0,0100000,90,24
2037,0,0100000,90,24
2038,0,0100000,90,24
2039,0,0100000,90,24
2040,0,0100000,90,24
2041,0,0100000,90,24
2042,0,0100000,90,24
2043,0,0100000,90,24
2044,0,0100000,90,24
2045,0,0100000,90,24
2046,0,0100000,90,24
2047,0,0100000,90,24
2048,0,0100000,90,24
2049,20,1000000,192,24
2050,20,1000000,192,24
169,150,1010000,90,12
2051,27,0100000,90,24
2052,27,0100000,90,24
2053,27,0100000,90,24
2054,27,0100000,90,24
2055,27,0100000,90,24
2056,27,0100000,90,24
170,325,1010000,90,12
171,325,1010000,90,12
2057,27,0100000,90,24
2058,27,0100000,90,24
2059,27,0100000,90,24
2060,27,0100000,90,24
2061,27,0100000,90,24
2062,27,0100000,90,24
2063,27,0100000,90,24
2064,27,0100000,90,24
2065,27,0100000,90,24
2066,27,0100000,90,24
2067,27,0100000,90,24
2068,27,0100000,90,24
2069,27,0100000,90,24
2070,27,0100000,90,24
2071,27,0100000,90,24
2072,27,0100000,90,24
2073,27,0100000,90,24
2074,27,0100000,90,24
2075,27,0100000,90,24
2076,27,0100000,90,24
2077,27,0100000,90,24
2078,27,0100000,90,24
2079,27,0100000,90,24
2080,27,0100000,90,24
2081,27,0100000,90,24
172,132,1010000,90,12
1244,22,0000100,90,12
1245,22,0000100,90,12
1246,22,0000100,90,12
1247,22,0000100,90,12
1248,22,0000100,90,12
1249,22,0000100,90,12
1250,22,0100000,114,24
1251,22,0100000,114,24
1252,22,0100000,114,24
1253,22,0100000,114,24
1254,22,0100000,114,24
1255,22,0100000,114,24
173,132,1010000,90,12
1256,22,0000100,102,12
1257,22,0000100,102,12
1258,22,0000100,102,12
1259,22,0000100,102,12
1260,22,0000100,102,12
1261,22,0000100,102,12
1262,22,0100000,114,24
1263,22,0100000,114,24
1264,22,0100000,114,24
1265,22,0100000,114,24
1266,22,0100000,114,24
1267,22,0100000,114,24
174,96,1010100,90,12
1268,32,1000000,114,24
1269,32,1000000,114,24
1270,32,1000000,114,24
1271,30,1000000,126,12
175,468,1010000,90,12
2082,0,0100000,90,24
2083,0,0100000,90,24
2084,0,0100000,90,24
2085,0,0100000,90,24
2086,0,0100000,90,24
2087,0,0100000,90,24
2088,0,0100000,90,24
2089,0,0100000,90,24
2090,0,0100000,90,24
2091,0,0100000,90,24
2092,0,0100000,90,24
2093,0,0100000,90,24
2094,0,0100000,90,24
2095,0,0100000,90,24
2096,0,0100000,90,24
2097,0,0100000,90,24
2098,0,0100000,90,24
2099,0,0100000,90,24
2100,0,0100000,90,24
2101,0,0100000,90,24
2102,0,0100000,90,24
2103,0,0100000,90,24
2104,0,0100000,90,24
176,110,1010000,90,12
1272,22,0001000,114,24
1273,22,0001000,114,24
1274,22,0001000,114,24
1275,22,0001000,114,24
1276,22,0001000,114,24
1277,60,1010100,102,12
1278,20,0100000,114,24
1279,20,0100000,114,24
1280,20,0100000,114,24
177,66,1010100,90,12
1281,22,1000000,114,24
1282,22,1000000,114,24
1283,22,1000000,114,24
1284,24,0010100,102,12
1285,8,1000000,126,12
1286,8,1000000,126,12
1287,8,1000000,126,12
1288,60,1010100,102,12
1289,36,1010100,102,12
1290,18,1000000,114,24
1291,18,1000000,114,24
1292,36,1010100,102,12
1293,18,1000000,114,24
1294,18,1000000,114,24
178,80,1010100,90,12
1295,20,1000000,114,24
1296,20,1000000,114,24
1297,20,1000000,114,24
1298,20,1000000,114,24
1299,36,1010100,102,12
179,80,0101000,144,18
1300,36,1010100,102,12
1301,18,1000000,114,24
1302,18,1000000,114,24
1303,60,1010100,102,12
1304,20,1000000,114,24
1305,20,1000000,114,24
1306,20,1000000,114,24
1307,0,1010100,102,12
1308,24,1000000,114,24
1309,20,1010100,102,12
1310,30,1010100,102,12
1311,15,0100000,90,12
1312,15,1010000,138,24
180,60,1000000,90,12
1313,40,1010100,102,12
1314,20,1000000,114,24
1315,20,1000000,114,24
1316,30,1010100,102,12
1317,30,1010100,102,12
1318,30,1010100,102,12
1319,15,1000000,114,24
1320,15,1000000,114,24
1321,25,1010100,102,12
1322,30,1010100,102,12
1323,36,1010100,102,12
1324,30,1010100,102,12
1325,20,1010100,102,12
1326,20,1010100,102,12
1327,20,1010100,102,12
1328,20,1010100,102,12
1329,20,1010100,102,12
1330,44,0010000,198,12
1331,25,1010100,102,12
1332,20,1010100,102,12
1333,20,1010100,102,12
1334,20,1010100,102,12
1335,20,1010100,102,12
1336,10,0101000,108,18
181,80,1010000,90,12
2105,20,1000000,90,24
2106,20,1000000,90,24
2107,20,1000000,90,24
2108,20,1000000,90,24
182,150,0000100,90,12
183,150,0000100,90,12
2109,0,1010000,90,24
2110,0,1010000,90,24
2111,0,1010000,90,24
2112,0,1010000,90,24
2113,0,1010000,90,24
2114,0,1010000,90,24
2115,0,1010000,90,24
2116,0,1010000,90,24
2117,0,1010000,90,24
2118,0,1010000,90,24
2119,0,1010000,90,24
2120,0,1010000,90,24
184,100,0101000,90,18
2121,25,1000000,90,12
2122,25,1000000,90,12
2123,25,1000000,90,12
2124,25,1000000,90,12
185,48,1000100,90,12
186,131,1000100,90,12
187,131,1000100,90,12
2125,29,1000000,90,24
2126,29,1000000,90,24
2127,29,1000000,90,24
2128,29,1000000,90,24
2129,29,1000000,90,24
2130,29,1000000,90,24
2131,29,1000000,90,24
2132,29,1000000,90,24
2133,29,1000000,90,24
188,155,0101000,90,18
189,120,0101000,90,18
190,84,1010000,90,12
2134,28,1000000,90,24
2135,28,1000000,90,24
2136,28,1000000,90,24
191,80,0101000,90,18
192,96,1010000,90,12
193,48,1010000,90,12
194,48,1010000,90,12
195,48,1010000,90,12
196,64,0101000,90,18
197,208,1010100,150,12
198,60,0001000,150,12
1513,0,1000000,102,36
1514,0,1000000,102,36
1515,0,1000000,102,36
1516,0,0100000,102,36
1517,0,0100000,102,36
1518,0,0100000,102,36
1519,0,0010000,102,36
1520,0,0010000,102,36
1521,0,0010000,102,36
1522,0,0001000,102,36
1523,0,0001000,102,36
1524,0,0001000,102,36
1525,0,0000100,102,36
1526,0,0000100,102,36
1527,0,0000100,102,36
1528,0,1000000,162,36
1529,0,1000000,162,36
1530,0,1000000,162,36
1531,0,0100000,162,36
1532,0,0100000,162,36
1533,0,0100000,162,36
1534,0,0100000,162,36
1535,0,0010000,162,36
1536,0,0010000,162,36
1537,0,0010000,162,36
1538,0,0001000,162,36
1539,0,0001000,162,36
1540,0,0001000,162,36
1541,0,1000000,174,36
1542,0,1000000,174,36
1543,0,1000000,174,36
1544,0,0100000,174,36
1545,0,0100000,174,36
1546,0,0100000,174,36
1547,0,0010000,174,36
1548,0,0010000,174,36
1549,0,0010000,174,36
1550,0,0001000,174,36
1551,0,0001000,174,36
1552,0,0000100,174,36
1553,0,0000100,174,36
1554,30,0100000,150,12
1555,20,0001000,150,12
1556,1,1000000,102,36
1557,1,1000000,102,36
1558,1,1000000,102,36
1559,1,0100000,102,36
1560,1,0100000,102,36
1561,1,0100000,102,36
1562,1,0010000,102,36
1563,1,0010000,102,36
1564,1,0010000,102,36
1565,1,0001000,102,36
1566,1,0001000,102,36
1567,1,0001000,102,36
1568,1,1000000,162,36
1569,1,1000000,162,36
1570,1,0100000,162,36
1571,1,0100000,162,36
1572,1,0010000,162,36
1573,1,0010000,162,36
1574,1,0001000,162,36
1575,1,0001000,162,36
1576,50,1010100,90,12
1577,50,1010100,90,12
1578,50,1010100,90,12
1579,50,1010100,90,12
1580,50,1010100,90,12
1581,50,1010100,90,12
1582,50,1010100,90,12
1583,50,1010100,90,12
1584,50,1010100,90,12
1585,50,1010100,90,12
199,195,0101000,90,18
1586,40,1010000,90,12
200,56,0101000,90,18
1587,30,0101000,162,18
201,60,0101000,90,18
1588,30,1010100,126,12
202,60,0101000,90,18
1589,16,0101000,144,18
1590,1,1000000,102,36
1591,1,1000000,102,36
1592,1,0100000,102,36
1593,1,0100000,102,36
1594,1,0010000,102,36
1595,1,0010000,102,36
1596,1,0001000,102,36
1597,1,0001000,102,36
1598,1,1000000,162,36
1599,1,1000000,162,36
1600,1,0100000,162,36
1601,1,0100000,162,36
1602,1,0010000,162,36
1603,1,0010000,162,36
1604,1,0001000,162,36
1605,1,0001000,162,36
1606,20,1010000,144,18
1607,45,0101000,90,18
1608,40,1010000,174,12
1609,20,1000000,126,12
1610,20,1000000,126,12
1611,45,0101000,90,18
1612,45,0101000,90,18
1613,45,1010100,90,12
1614,10,0010000,198,18
1615,5,1111100,90,29
1616,40,1010000,90,12
1617,5,1000000,216,36
1618,15,0100000,162,36
1619,15,1000000,150,22
1620,15,0010000,102,36
1621,15,0010000,138,36
1622,16,0001000,102,36
2137,16,0000100,126,24
1623,15,0001000,162,36
1624,10,1000000,174,84
1625,15,0100000,102,36
1626,15,0000100,174,12
203,55,0001000,162,12
204,120,1010000,90,12
205,80,1010000,90,12
206,80,1010000,90,12
207,80,1010000,90,12
208,220,1010000,90,12
209,140,1000000,90,12
210,140,1000000,90,12
2138,20,0100000,114,24
2139,20,0100000,138,24
2140,20,0100000,162,24
2141,20,0100000,186,24
2142,20,0010000,138,24
2143,20,0010000,162,24
2144,20,0010000,186,24
2145,20,0001000,114,24
2146,20,0001000,138,24
2147,20,0001000,162,24
2148,20,0001000,186,24
2149,20,0000100,114,24
2150,20,0000100,138,24
2151,20,0000100,162,24
211,140,0010000,90,12
212,140,0010000,90,12
213,200,1000000,90,12
214,200,0010000,90,12
215,60,1010000,90,12
216,80,1010000,90,12
217,60,1010000,90,12
2152,20,0000100,138,24
2153,20,0000100,162,24
2154,20,0000100,186,24
218,80,1010000,90,12
2155,20,0100000,114,24
2156,20,0100000,162,24
2157,20,0010000,162,24
2158,20,0010000,186,24
219,60,1010100,90,12
220,60,1010100,90,12
221,115,1010100,102,12
222,150,0010000,186,12
223,150,0101000,162,18
224,150,1010100,150,12
225,150,1010100,126,12
226,98,1010100,174,12
227,60,1000000,198,12
228,60,1010100,162,12
229,126,1010100,138,8
230,25,1010100,90,12
231,40,1010100,126,12
232,150,0101000,186,24
233,0,0101000,180,6
234,336,0101000,126,12
235,372,0101000,162,12
236,372,0101000,174,12
237,468,0101000,138,12
238,468,0101000,150,12
239,480,1010100,126,12
240,480,1010100,126,12
241,480,1010100,126,12
242,480,1010100,126,12
243,155,1000100,150,12
244,72,1010100,102,12
245,96,0100000,114,12
246,150,1010100,150,12
247,280,1010100,114,12
248,140,0001000,102,12
249,140,0001000,126,12
250,300,1010100,102,12
251,150,0100000,102,12
252,150,0100000,126,12
253,140,1010100,198,12
254,400,1010100,162,12
255,91,1010100,114,12
256,140,1010100,162,12
257,72,1010100,162,12
258,70,1101100,150,12
259,90,1010100,138,12
260,80,1000000,102,12
261,76,0001000,186,12
262,70,0001000,150,12
263,35,0101000,108,18
264,90,0100000,186,22
265,100,0100000,198,22
266,100,0001000,198,22
2159,24,1010000,90,12
267,170,1010100,90,12
268,200,1010100,90,12
269,190,1010100,162,12
270,70,1000000,126,12
271,155,1010100,102,24
272,80,1010000,90,12
273,0,1010000,90,12
274,174,1010000,90,12
275,300,0101000,90,18
2160,20,1000000,90,24
2161,20,1000000,90,24
2162,20,1000000,90,24
2163,20,1000000,90,24
276,80,1010100,90,12
277,175,0101000,90,18
278,300,0101000,90,18
279,96,1010000,90,12
2164,24,0001000,114,12
2165,24,0001000,126,12
2166,24,0000100,114,12
2167,24,0000100,126,12
280,470,1010100,90,12
281,150,1010000,90,12
282,120,1010100,90,12
2168,25,1010100,90,12
283,150,1010100,90,12
284,120,1010000,90,12
1627,18,0010000,114,36
1628,18,1000000,90,36
1629,18,1000000,90,36
1630,18,1000000,90,36
1631,18,0000100,114,36
1632,20,1000000,90,12
1633,20,0100000,174,24
1634,20,1000000,90,36
1635,15,1000000,90,12
1636,15,1000000,90,12
1637,15,1000000,90,24
1638,15,1000000,174,24
1639,15,1000000,90,36
1640,15,1000000,90,36
1641,70,0100000,114,24
1642,25,0101000,90,18
285,300,0101000,126,18
1643,20,1000000,90,12
1644,20,1000000,90,12
1645,20,1000000,90,12
1646,20,1000000,90,12
1647,20,1000000,90,12
286,220,0101000,90,18
1648,20,0101000,90,18
287,80,1010000,90,12
1649,40,1000000,90,24
1650,40,1000000,90,24
1651,50,1010100,90,12
288,100,0101000,90,18
1652,50,1010100,90,12
1653,50,1010100,90,12
289,445,1010100,102,12
1654,40,1000000,90,12
1655,24,1010000,90,12
1656,12,0100000,126,18
1657,12,0001000,126,18
290,80,0101000,90,18
291,60,0101000,90,18
1658,40,0101000,90,18
1659,40,0101000,90,18
1660,24,1000000,90,24
1661,24,1000000,90,24
2169,35,1000000,90,12
1662,35,1010000,162,12
1663,20,1010000,90,24
1664,20,1010000,90,24
1665,40,0101000,90,18
1666,20,1010000,90,12
2170,20,1000000,90,12
1667,20,1000000,90,36
1862,35,0101000,108,5
1863,35,1000000,150,12
1864,35,0101000,113,13
1865,35,0010100,150,12
1866,35,0101000,144,5
1867,35,0101000,149,13
1868,35,0101000,108,5
1869,35,0101000,113,13
1870,30,1000000,126,12
1871,30,0010100,126,12
1872,25,1010100,150,12
1873,30,1000000,138,12
1874,30,0010100,138,12
1875,25,0101000,162,5
1876,25,0101000,167,13
1877,35,0101000,126,5
1878,35,0101000,131,13
1879,15,1000000,174,12
1880,15,0010100,174,24
1881,35,0101000,126,18
1882,25,0101000,144,5
1883,25,0101000,149,13
292,273,0101000,90,18
293,40,0000100,102,12
294,40,0000100,114,12
295,96,0101000,90,18
296,176,1010000,90,12
297,40,1010100,90,12
298,70,1010100,90,12
299,130,0101000,90,18
300,60,0100000,90,12
301,60,0101000,90,18
302,205,1010100,90,12
303,90,1000000,90,12
304,90,0010000,186,12
305,90,1000000,186,24
306,30,0001000,186,24
307,100,0100000,90,12
308,135,1010100,90,12
309,135,1010100,90,12
310,135,1010100,90,12
311,80,1010100,90,12
312,80,1010100,90,12
313,100,1010100,90,12
314,100,1010100,90,12
315,80,0101000,90,12
316,192,1010100,126,12
317,70,0101000,90,18
318,70,0101000,90,18
319,90,1010100,90,12
320,90,1010100,90,12
321,100,0101000,90,18
322,100,0101000,90,18
323,80,1010100,90,12
324,60,1000000,90,12
325,90,1010100,90,12
326,60,1000000,90,12
327,50,0101000,90,18
328,70,1010100,90,12
329,80,1010100,90,12
330,150,0001000,150,12
331,80,1000000,198,12
332,80,1010100,90,12
333,72,0101000,90,18
334,100,0001000,180,18
335,40,1010100,90,12
1337,20,1000000,90,36
1338,20,1000000,90,36
1339,0,1000000,90,36
336,40,0101000,90,12
1340,20,1000000,90,36
1341,20,1000000,90,36
1342,0,1000000,90,36
337,75,1010100,90,12
1343,15,1000000,90,36
1344,15,1000000,90,36
1345,15,1000000,90,36
1346,15,1000000,90,36
1347,15,1000000,90,36
1348,0,1000000,90,36
338,75,1010100,90,12
1349,15,1000000,90,36
1350,15,1000000,90,36
1351,15,1000000,90,36
1352,15,1000000,90,36
1353,15,1000000,90,36
1354,0,1000000,90,36
339,42,1000000,90,12
1355,14,1000000,90,24
1356,14,1000000,90,24
1357,14,1000000,90,24
1358,0,1000000,90,24
340,42,0010000,90,12
341,45,0101000,90,18
1359,15,1000000,90,36
1360,15,1000000,90,36
1361,15,1000000,90,36
1362,0,1000000,90,36
1363,48,1010100,90,12
1364,16,1000000,90,36
1365,16,1000000,90,36
1366,16,1000000,90,36
342,120,1010000,90,12
1367,20,1000000,90,24
1368,20,1000000,90,24
1369,20,1000000,90,24
1370,20,1000000,90,24
1371,20,1000000,90,24
1372,20,1000000,90,24
1373,0,1000000,90,24
1374,0,1000000,90,24
343,56,1010100,90,12
1375,14,1000000,90,36
1376,14,1000000,90,36
1377,14,1000000,90,36
1378,14,1000000,90,36
1379,0,1000000,90,36
344,60,1010000,90,12
1380,20,1000000,90,24
1381,20,1000000,90,24
1382,20,1000000,90,24
345,60,1010100,90,12
1383,15,1000000,90,36
1384,15,1000000,90,36
1385,15,1000000,90,36
1386,15,1000000,90,36
346,56,0101000,90,18
1387,14,1000000,90,36
1388,14,1000000,90,36
1389,14,1000000,90,36
1390,14,1000000,90,36
1391,0,1000000,90,36
347,40,1010100,90,12
1392,20,1000000,90,24
1393,20,1000000,90,24
1394,0,1000000,90,24
348,54,0101000,90,18
1395,18,1000000,90,36
1396,18,1000000,90,36
1397,18,1000000,90,36
1398,14,1010100,90,12
1399,14,1000000,90,24
1400,32,0101000,90,18
1401,16,1000000,90,36
1402,16,1000000,90,36
1403,0,1000000,90,36
1404,32,1010100,90,12
1405,16,1000000,90,24
1406,16,1000000,90,24
1407,40,1010100,90,12
1408,20,1000000,90,36
1409,20,1000000,90,36
1410,14,0101000,90,18
1411,14,1000000,90,36
1412,0,1000000,90,36
1413,28,1010100,90,12
1414,14,1000000,90,24
1415,14,1000000,90,24
1416,0,1000000,90,24
1417,48,0101000,90,18
1418,16,1000000,90,24
1419,16,1000000,90,24
1420,16,1000000,90,24
349,60,0101000,90,18
1421,15,1000000,90,24
1422,15,1000000,90,24
1423,15,1000000,90,24
1424,15,1000000,90,24
1425,40,1010100,90,12
1426,20,1000000,90,24
1427,20,1000000,90,24
1428,48,1000000,90,12
1429,16,1010100,90,12
1430,16,1000000,90,24
1431,0,1000000,90,24
1432,9,1000000,90,24
1433,9,1000000,90,24
1434,9,1000000,90,24
1435,9,1000000,90,24
1436,9,1000000,90,24
1437,9,1000000,90,24
1438,16,1000000,186,36
1439,16,1000000,192,24
1440,14,1000000,192,24
1441,14,1000000,192,24
1442,16,0101000,90,18
1443,16,1000000,186,36
350,165,1010000,102,12
351,165,1010000,102,12
352,0,0101000,108,18
353,0,0101000,108,18
354,0,1010100,90,12
355,0,1010100,90,12
356,136,1010000,108,18
357,136,1010000,126,18
358,423,1000000,90,12
2171,19,0010000,90,24
2172,19,0010000,90,24
2173,28,0010000,90,24
2174,19,0010000,90,24
2175,28,0010000,90,24
2176,19,1000000,90,24
2177,28,0010000,90,24
2178,19,0010000,90,24
2179,28,0010000,90,24
2180,28,0010000,90,24
2181,19,0010000,90,24
2182,28,0010000,90,24
2183,19,0010000,90,24
2184,28,0010000,90,24
2185,19,0010000,90,24
2186,28,1000000,90,24
359,112,1010000,90,12
360,0,1000000,90,12
361,118,1010000,90,12
362,118,1010000,90,12
363,80,0101000,198,18
364,100,1010000,90,12
365,100,1010000,90,12
366,100,1000000,90,12
2187,15,1000000,90,36
367,140,1010000,90,12
368,140,1010000,90,12
2188,20,0101000,90,18
2189,20,0101000,90,18
2190,20,0101000,90,18
2191,20,0101000,90,18
2192,20,0101000,90,18
2193,19,0101000,90,18
2194,20,0101000,90,18
369,35,1000000,186,24
2195,20,0101000,90,18
2196,20,0101000,90,18
2197,20,0101000,90,18
2198,20,0101000,90,18
2199,20,0101000,90,18
2200,20,0101000,90,18
2201,20,0101000,90,18
2202,20,1010100,90,12
2203,20,0101000,90,18
2204,20,0101000,90,18
2205,20,0101000,90,18
2206,20,0101000,90,18
2207,20,0101000,90,18
2208,20,0101000,90,18
2209,20,0101000,90,18
2210,20,0101000,90,18
2211,20,1010100,90,12
2212,20,0101000,90,18
2213,20,1010100,90,12
2214,20,1010100,90,12
2215,20,1010100,90,12
2216,20,1010100,90,12
2217,20,1010100,90,12
2218,20,1010100,90,12
2219,20,1010100,90,12
2220,20,1010100,90,12
2221,20,1010100,90,12
2222,20,1010100,90,12
2223,20,1010100,90,12
2224,20,1010100,90,12
2225,20,1010100,90,12
2226,20,1010100,90,12
2227,20,1010100,90,12
2228,20,0101000,90,18
2229,19,1000000,186,36
2230,19,1000000,186,36
2231,20,0101000,90,18
2232,20,0101000,90,18
2233,20,0101000,90,18
2234,20,0101000,90,18
2235,20,0101000,90,18
2236,20,0101000,90,18
2237,20,0101000,90,18
2238,20,0101000,90,18
2239,20,1010100,90,12
2240,20,1010100,90,12
2241,20,1010100,90,12
2242,20,1010100,90,12
2243,20,1010100,90,12
2244,0,0101000,90,18
2245,15,1000000,90,12
2246,10,0100000,108,18
2247,10,0001000,108,18
2248,10,0100000,108,18
2249,10,0001000,108,18
2250,8,0101000,90,18
2251,15,1010100,90,12
2252,10,1010100,90,12
2253,19,0101000,90,18
370,20,1000000,222,36
2254,10,0101000,90,18
371,300,0100000,90,12
372,150,0010000,198,22
373,204,1010000,90,12
2255,36,0001000,90,24
2256,36,0001000,162,24
2257,36,0001000,186,24
2258,32,0001000,90,24
2259,32,0001000,114,24
2260,32,0001000,138,24
374,192,1010000,90,12
375,192,1010000,90,12
2261,32,0000100,90,24
2262,32,0000100,90,24
2263,32,0000100,90,24
2264,32,0000100,90,24
2265,32,0000100,90,24
2266,32,0000100,90,24
2267,32,0000100,90,24
2268,32,0000100,90,24
2269,32,0000100,90,24
2270,32,0000100,90,24
2271,32,0000100,90,24
2272,32,0000100,90,24
376,220,1010100,90,12
377,174,1010000,90,12
378,205,0101000,90,18
379,28,1000000,198,12
1668,20,0100000,210,12
1669,10,0100000,138,24
380,75,0101000,144,18
381,75,0010000,150,12
1670,33,1010000,90,12
1671,18,1000000,90,36
1672,18,1000000,90,36
1673,18,1000000,90,24
1674,18,1000000,90,24
382,470,1010100,174,12
383,96,1010100,174,12
1675,8,1000000,90,12
1676,8,1000000,90,36
1677,24,1000000,90,12
1678,12,1000000,90,36
1679,12,1000000,90,36
1680,12,1000000,90,36
1681,12,1000000,90,36
384,65,1010100,114,12
385,51,1000000,174,12
386,51,1000000,90,36
1682,20,1000000,90,12
387,52,1010100,114,12
388,52,0100000,90,36
1683,40,1010100,90,12
1684,49,1010000,90,12
1685,12,1010000,90,12
1686,12,1000000,90,36
1687,12,0010000,174,36
1688,0,1010100,90,12
1689,36,1010000,90,12
1690,20,1010000,90,24
1691,20,1010000,90,24
1692,30,1000000,90,12
389,30,0000100,126,24
390,35,0100000,138,36
391,0,0100000,180,18
392,470,1010100,90,12
393,75,1010000,90,12
2273,25,1000000,90,24
2274,25,1000000,90,24
2275,25,1000000,90,24
394,75,1010100,90,12
2276,58,0000100,102,24
2277,20,1000000,90,36
2278,30,0000100,90,12
2279,30,0000100,90,12
2280,30,0000100,90,12
2281,30,0000100,90,12
2282,30,0000100,90,12
2283,30,0000100,90,12
2284,30,0000100,90,12
2285,30,0000100,90,12
2286,25,0000100,90,12
2287,0,0000100,90,12
2288,25,0000100,90,12
2289,25,0000100,90,12
2290,0,0000100,90,12
2291,25,0000100,90,12
395,300,1000000,222,36
2292,23,1010000,90,12
396,0,1000000,210,12
397,0,1000000,258,7
398,70,1010000,186,12
2293,30,1000000,90,12
2294,30,1000000,90,12
2295,30,1000000,90,12
2296,30,1000000,90,12
2297,0,1000000,90,12
2298,30,1000000,90,12
2299,30,1000000,90,12
2300,0,1000000,90,12
2301,30,1000000,90,12
399,24,0001000,180,36
400,50,0100000,162,24
401,200,1010100,114,12
402,15,0010100,126,12
403,200,0101000,90,18
404,90,1010100,90,12
405,90,1010000,210,18
406,200,0101000,90,18
407,200,0101000,90,18
408,90,1010100,90,12
409,180,0101000,90,18
410,90,1010000,210,18
411,250,1010100,90,12
412,200,0101000,90,18
413,90,0101000,90,18
414,200,0101000,90,18
415,90,1010000,210,18
416,90,1010100,90,12
417,90,1010100,90,12
418,90,1010100,90,12
419,90,0101000,90,18
420,90,0101000,90,18
421,95,0101000,90,18
422,80,1010100,90,12
423,80,0101000,90,18
424,48,0101000,108,18
425,80,1010100,90,12
426,90,0101000,108,18
427,80,1010100,90,12
428,100,1010100,90,12
429,115,1010100,90,12
430,30,1010100,90,12
431,80,1000000,138,12
432,80,0010000,138,12
433,99,1010100,90,12
434,105,1010100,90,12
435,90,0101000,90,18
436,126,1010000,90,12
437,90,1000000,90,12
438,54,1010000,90,12
439,35,1010000,90,12
440,100,1010000,186,12
441,20,1000000,90,12
442,40,1010100,90,12
443,90,1010100,150,12
444,20,1010100,150,12
445,90,0001000,180,24
446,63,1000000,90,12
447,235,0101000,90,18
448,0,1000000,228,0
449,60,1010000,90,12
450,60,1010100,90,12
451,63,0100000,198,12
1693,48,1010100,102,12
1694,48,1010100,102,12
1695,48,1010100,102,12
1696,48,0101000,126,18
2302,42,1010100,90,12
1697,42,0100000,126,18
2303,42,0001000,126,18
452,65,1010100,90,12
453,65,1010100,90,12
1698,48,1010100,102,12
1699,48,1010100,102,12
1700,48,1010100,90,12
1701,48,1010100,90,12
454,90,1010100,90,12
1702,40,1010100,90,12
2304,20,1000000,90,12
455,100,0101000,162,18
1703,21,1000000,90,72
1704,19,0100000,90,72
1705,21,0010000,90,72
1706,19,0001000,90,72
1707,21,0000100,90,72
2305,37,0101000,126,18
456,70,1010100,90,12
1708,28,0101000,198,18
1709,45,1000000,162,24
457,70,1010100,90,12
458,70,1010100,90,12
1710,48,1010100,102,12
1711,48,1010100,102,12
459,65,1000000,186,36
460,70,0101000,90,18
1712,27,1000000,198,24
461,75,0101000,90,18
462,90,1000000,216,24
463,103,0100000,162,12
1713,21,1000000,174,84
1714,21,0100000,174,84
1715,21,0010000,174,84
1716,21,0001000,174,84
1717,21,0000100,174,84
1718,40,0101000,126,18
1719,40,0101000,126,18
1720,20,1010100,114,12
2306,20,1000000,90,24
1721,40,1010000,90,12
2307,20,1000000,90,24
2308,20,1000000,90,24
1722,40,0101000,126,18
1723,20,0101000,126,18
1724,45,0101000,126,18
1725,30,1000000,90,12
1726,40,0101000,126,18
464,65,0001000,162,12
465,165,1010100,90,12
466,90,1010100,90,12
467,75,1010000,174,12
2309,25,0001000,114,24
2310,25,0001000,138,24
2311,25,0000100,114,24
468,75,0000100,174,12
469,110,1010100,90,12
470,100,1010100,90,12
471,170,1010100,90,12
472,100,1010100,198,12
473,65,1010100,90,12
474,65,1010100,90,12
475,80,0101000,90,18
476,88,0101000,126,12
477,100,0101000,90,18
478,70,1010100,90,12
479,75,1010000,90,12
480,75,0000100,90,12
481,80,0101000,114,12
482,55,1010100,90,12
483,55,1010100,90,12
484,60,1000000,90,12
485,118,0101000,90,18
486,70,1010100,90,12
487,197,0101000,180,18
488,185,0101000,162,12
489,190,0101000,108,18
490,31,0010000,162,12
491,60,1010100,90,12
492,60,1010100,90,12
493,60,1010100,90,12
494,70,1010100,90,12
495,70,1010100,90,12
496,80,0010100,90,12
497,70,1010100,90,12
498,70,1010100,90,12
499,35,0001000,138,36
2312,15,0101000,162,18
2313,37,1000000,90,12
500,84,1010100,90,12
501,54,1000000,90,12
502,30,1010000,90,12
503,80,1000000,90,24
504,80,1000000,90,12
505,35,1010000,90,12
506,30,1010000,90,12
507,30,1010000,90,12
508,114,1010100,102,12
509,114,1010100,126,12
510,114,1010100,150,12
511,114,1010100,174,12
512,53,0101000,102,12
513,67,0101000,126,12
514,126,1010100,114,12
515,126,1010100,162,12
516,77,1010100,102,12
517,77,1010100,126,12
518,77,1010100,186,12
519,140,0001000,174,12
520,78,1010100,114,12
521,78,1010100,150,12
522,50,1010100,126,12
523,50,1010100,162,12
524,100,0100000,174,12
525,48,1010100,102,12
526,48,1010100,138,12
527,54,1010100,114,12
528,54,1010100,162,12
529,52,0101000,114,12
530,53,0101000,138,12
531,75,1010100,138,12
532,75,1010100,174,12
533,60,0100000,150,12
534,63,1010100,150,12
535,63,1010100,174,12
536,44,0101000,162,12
537,30,0101000,162,18
538,0,0001000,198,22
804,40,1010100,90,12
805,40,1010100,90,12
806,35,1010100,90,12
807,35,1010100,90,12
808,35,1010100,90,12
809,35,1010100,90,12
810,35,1010100,90,12
811,35,1010100,90,12
812,35,1010100,90,12
813,35,1010100,90,12
814,35,1010100,90,12
815,36,1010100,90,12
816,36,1010100,90,12
817,40,1010100,90,12
818,40,1010100,90,12
819,40,1010100,90,12
820,40,1010100,90,12
821,40,1010100,90,12
822,40,1010100,90,12
823,40,1010100,90,12
824,40,1010100,90,12
539,150,1010100,90,12
825,40,1010100,90,12
826,40,1010100,90,12
827,40,1010100,90,12
828,40,1010100,90,12
829,40,1010100,90,12
830,40,1010100,90,12
831,40,1010100,90,12
832,40,1010100,90,12
833,40,1010100,90,12
834,40,1010100,90,12
835,40,1010100,90,12
836,40,1010100,90,12
837,40,1010100,90,12
838,40,1010100,90,12
839,40,1010100,90,12
840,40,1010100,90,12
841,40,1010100,90,12
842,40,1010100,90,12
843,40,1010100,90,12
844,40,1010100,90,12
845,40,1010100,90,12
846,40,1010100,90,12
847,40,1010100,90,12
848,40,1010100,90,12
849,40,1010100,90,12
540,200,1010100,90,12
541,200,1010100,90,12
542,117,1010100,90,12
543,117,1010100,90,12
850,39,0101000,102,12
851,39,0101000,114,12
852,39,0101000,126,12
853,39,0101000,138,12
854,39,0101000,150,12
855,39,0101000,162,12
544,280,1010100,90,12
545,280,1010100,90,12
856,40,0101000,90,12
857,40,0101000,90,12
858,40,0101000,90,12
859,40,0101000,90,12
860,40,0101000,90,12
861,40,0101000,90,12
862,40,0101000,90,12
863,40,0101000,90,12
864,40,0101000,90,12
865,40,0101000,90,12
866,40,0101000,90,12
867,40,0101000,90,12
868,40,0101000,90,12
869,40,0101000,90,12
870,40,0101000,90,12
871,40,0101000,90,12
872,23,1010100,138,12
873,23,1010100,186,12
874,23,0101000,162,12
875,23,0101000,162,12
876,23,0101000,174,12
877,23,0101000,174,12
546,288,1010100,90,12
547,288,1010100,90,12
878,40,0101000,90,12
879,40,0101000,90,12
880,40,0101000,90,12
881,40,0101000,90,12
882,40,0101000,90,12
883,40,0101000,90,12
884,40,0101000,90,12
885,40,0101000,90,12
886,40,0101000,90,12
887,40,0101000,90,12
888,40,0101000,90,12
889,40,0101000,90,12
890,40,0101000,90,12
891,40,0101000,90,12
892,40,0101000,90,12
893,40,0101000,90,12
894,40,0101000,90,12
895,40,1111000,90,12
896,40,0001000,90,12
548,180,1010100,90,12
549,180,1010100,90,12
550,180,1010100,90,12
551,180,1010100,90,12
897,36,0001000,90,12
898,36,0001000,90,12
899,36,0001000,90,12
900,36,0001000,90,12
901,36,0001000,90,12
902,36,0001000,150,12
903,36,0001000,150,12
904,36,0001000,150,12
905,36,0001000,150,12
906,36,0001000,150,12
907,36,0001000,90,12
908,36,0001000,90,12
909,36,0001000,90,12
910,36,0001000,90,12
911,36,0001000,90,12
912,36,0001000,150,12
913,36,0001000,150,12
914,36,0001000,150,12
915,36,0001000,150,12
916,36,0001000,150,12
917,0,0101000,108,18
918,0,1010100,102,12
919,0,1010100,102,12
920,0,1010100,114,12
921,0,1010100,114,12
922,0,0000100,90,12
923,0,0100000,90,12
924,0,0100000,90,12
925,0,0100000,90,12
926,0,0100000,90,12
927,20,1110100,126,12
928,20,1110100,114,12
929,20,0001000,90,12
930,20,0001000,90,12
931,20,1000000,102,12
932,40,1010100,90,12
933,40,1010100,90,12
934,40,1010100,90,12
935,40,1010100,90,12
936,40,1010100,90,12
937,40,1010100,90,12
938,40,1010100,90,12
939,40,1010100,90,12
940,40,1010100,90,12
941,40,1010100,90,12
942,40,1010100,90,12
943,40,1010100,90,12
944,40,1010100,90,12
945,40,1010100,90,12
946,40,1010100,90,12
947,40,1010100,90,12
948,40,1010100,90,12
949,40,1010100,90,12
950,40,1010100,90,12
951,40,1010100,90,12
952,40,1010100,90,12
953,40,1010100,90,12
954,40,1010100,90,12
955,40,1010100,90,12
956,40,1010100,90,12
957,40,1010100,90,12
958,40,1010100,90,12
959,40,1010100,90,12
960,40,1010100,90,12
961,40,1010100,90,12
962,40,1010100,90,12
963,40,1010100,90,12
964,40,1010100,90,12
965,40,1010100,90,12
966,40,1010100,90,12
967,40,1010100,90,12
968,40,1010100,90,12
969,40,1010100,90,12
970,40,1010100,90,12
971,40,1010100,90,12
972,40,1010100,90,12
973,40,1010100,90,12
974,40,1010100,90,12
975,40,1010100,90,12
976,40,1010100,102,12
977,40,1010100,90,12
978,40,1010100,90,12
979,40,1010100,90,12
980,40,1010100,90,12
981,40,1010100,90,12
982,40,1010100,90,12
983,40,1010100,90,12
984,40,1010100,90,12
985,40,1010100,90,12
986,40,1010100,90,12
987,40,1010100,90,12
988,40,1010100,90,12
989,40,1010100,90,12
990,40,1010100,90,12
991,40,1010100,90,12
992,40,1010100,90,12
993,40,1010100,90,12
994,40,1010100,90,12
995,40,1010100,90,12
996,40,1010100,90,12
997,40,1010100,90,12
998,40,1010100,90,12
999,40,1010100,90,12
1000,40,1010100,90,12
1001,40,1010100,90,12
1002,40,1010100,90,12
1003,40,1010100,90,12
1004,40,1010100,90,12
552,180,1010100,90,12
553,180,1010100,90,12
554,216,1010100,90,12
1005,36,0100000,90,12
1006,36,0100000,90,12
1007,36,0100000,90,12
1008,36,0100000,90,12
1009,36,0100000,90,12
1010,36,0100000,150,12
1011,36,0100000,150,12
1012,36,0100000,150,12
1013,36,0100000,150,12
1014,36,0100000,150,12
1015,36,0100000,102,12
1016,36,0100000,102,12
1017,36,0100000,102,12
1018,36,0100000,102,12
1019,36,0100000,102,12
1020,36,0100000,102,12
1021,36,0100000,102,12
1022,40,0101000,108,18
1023,40,1010100,114,12
1024,40,1010100,114,12
1025,40,1010100,114,12
1026,40,0101000,108,18
1027,40,1010100,126,12
1028,40,1010100,102,12
1029,40,0000100,90,12
1030,40,0100000,90,12
1031,40,0100000,90,12
1032,40,0100000,90,12
1033,40,0000100,90,12
1034,40,0100000,90,12
1035,40,0100000,90,12
1036,40,1010100,150,12
1037,40,1010100,150,12
1038,40,1010100,102,12
1039,40,1010100,102,12
1040,40,0101000,108,18
1041,40,0101000,108,18
1042,40,0101000,108,18
1043,40,1010100,174,12
1044,40,1010100,174,12
1045,40,1010100,102,12
1046,40,1010100,102,12
1047,40,1010100,114,12
1048,40,1010100,102,12
1049,40,1010100,102,12
1050,40,1010100,102,12
1051,40,1010100,102,12
1052,40,0101000,108,18
1053,40,0101000,108,18
1054,40,0101000,90,18
1055,40,0101000,90,18
1056,40,1010100,102,12
1057,40,1010100,114,12
1058,40,1010100,114,12
1059,40,1010000,102,12
1060,48,1010100,102,12
1061,40,1010100,102,12
1062,40,1010100,102,12
1063,40,1010100,102,12
1064,40,1010100,114,12
1065,40,0101000,108,18
1066,40,0101000,108,18
1067,40,1010100,102,12
1068,40,1010100,102,12
1069,40,1010100,114,12
1070,40,1010100,114,12
1071,40,0101000,108,18
1072,40,0101000,108,18
1073,40,1010100,114,12
1074,40,1010100,114,12
1075,40,1010100,114,12
1076,39,0101000,108,18
1077,39,0101000,108,18
2314,26,1000000,90,12
2315,26,1000000,90,12
2316,26,1000000,90,12
555,55,1010100,90,12
1078,40,1010100,114,12
1079,40,0101000,108,18
1080,20,1010100,102,12
1081,20,1010100,102,12
1082,30,1010100,102,12
1083,24,1010100,126,12
1084,30,1010100,102,12
1085,30,1010100,114,12
1086,24,1010100,102,12
1087,40,1010100,102,12
556,90,1010000,90,24
1088,20,1010100,150,12
1089,30,1010100,114,12
1090,30,1010100,102,12
1091,40,1010100,102,12
1092,40,1010100,102,12
1093,40,1010100,102,12
1094,40,0101000,108,18
1095,24,1010100,102,12
1096,40,1010100,102,12
1097,30,0101000,108,18
1098,30,1010100,114,12
1099,30,1010100,102,12
1100,40,1010100,126,12
1101,40,1010100,102,12
1102,30,1010100,150,12
1103,40,1010100,102,12
1104,40,0101000,108,18
1105,30,1010100,138,12
1106,24,0101000,108,18
1107,30,1010100,102,12
1108,24,1010100,114,12
1109,30,1010100,102,12
1110,30,0101000,108,18
1111,20,0101000,108,18
1112,20,0101000,108,18
1113,20,0101000,108,18
1114,30,0101000,108,18
1115,30,1010100,150,12
1116,30,1010100,114,12
1117,20,0101000,108,18
1118,20,1010100,102,12
1119,20,1010100,102,12
1120,20,0101000,108,18
1121,20,1010100,102,12
1122,20,1010100,114,12
1123,20,1010100,102,12
1124,20,1010100,114,12
1125,20,0101000,126,18
1126,20,1010100,114,12
1127,20,1010100,126,12
1128,20,0101000,108,18
1129,20,1010100,102,12
557,180,0100000,198,22
558,216,1010100,126,12
559,192,1010100,186,12
560,180,0101000,150,12
561,188,0101000,126,12
562,189,1010100,138,12
563,192,1010100,174,12
564,189,1010100,150,12
565,45,0101000,174,18
566,68,0101000,192,18
567,55,1010000,90,12
568,55,1010000,90,12
569,64,1010000,90,12
570,64,1010000,90,12
571,75,1010000,90,12
572,54,1010000,90,12
573,54,1010000,90,12
574,76,0101000,90,18
575,50,1010000,90,12
2317,25,1000000,90,24
2318,25,1000000,90,24
576,175,1010100,90,12
577,370,1010100,90,12
578,370,1010100,90,12
579,326,1010000,90,12
580,326,1010000,90,12
581,136,0101000,144,18
582,135,0101000,108,18
583,135,1010000,210,18
584,136,0000100,90,36
585,136,0000100,138,12
586,205,0101000,126,18
587,205,0101000,144,18
588,80,0101000,90,18
589,80,0101000,90,18
590,0,0000100,126,12
591,85,1010000,126,12
592,140,1010000,126,12
593,90,0010000,186,12
594,96,1000100,186,24
595,220,0101000,162,18
596,220,0101000,180,18
1884,20,1000000,186,36
1885,16,1010000,126,12
1886,16,1010000,150,12
1887,16,0000100,126,12
1888,16,0000100,150,12
1889,16,0100000,108,18
1890,16,0100000,126,18
1891,16,0001000,108,18
1892,16,0001000,126,18
1893,16,1010000,102,12
1894,16,1010000,114,12
1895,16,0000100,102,12
1896,16,0000100,114,12
1897,16,1000000,210,18
1898,16,0100000,144,18
1899,16,0100000,162,18
1900,16,0010000,210,18
1901,16,0001000,144,18
1902,16,0001000,162,18
1903,16,1010000,186,12
1904,16,1010000,198,12
1905,16,0000100,186,12
1906,16,0000100,198,12
1907,20,1010100,162,12
1908,0,1010100,174,12
1909,20,1010100,138,12
1910,20,0101000,180,18
1911,20,0101000,198,18
597,180,0100000,72,24
598,60,1010100,90,12
599,125,1010100,90,12
600,47,1010100,90,12
601,50,1010100,90,12
602,150,0010000,186,12
2319,25,1010100,90,12
603,50,0010000,186,12
604,150,0010000,198,12
605,42,0100000,138,12
606,42,0001000,138,12
607,41,0010000,186,24
608,86,0101000,180,18
2320,24,0010000,102,36
2321,24,0010000,144,36
2322,24,0010000,186,36
609,89,1000000,90,24
610,85,0101000,138,12
611,85,0101000,162,18
612,86,1010000,186,24
613,69,0101000,120,18
614,87,0101000,90,24
615,89,1000000,162,24
616,86,0101000,162,18
617,76,0001000,114,36
618,62,0010000,216,36
619,53,1000000,114,12
2323,53,1000000,126,12
620,100,0010000,186,12
621,77,0001000,162,36
622,130,0101000,126,18
623,70,0101000,180,18
624,70,0101000,198,18
625,70,1010000,144,18
626,70,1010000,162,18
627,90,0101000,162,18
628,90,1010000,180,18
629,90,1010000,198,18
630,189,1010000,90,12
631,205,1010000,90,12
632,271,1010000,90,12
633,271,1010000,90,12
634,229,1010000,90,12
635,229,1010000,90,12
636,228,1010000,90,12
637,135,0101000,108,18
638,135,0101000,144,18
639,132,0101000,180,18
640,54,0101000,90,18
641,54,0101000,90,18
2324,25,1000000,90,12
2325,25,1000000,90,12
2326,25,1000000,90,12
2327,30,1000000,186,36
642,172,0101000,138,12
643,177,0101000,102,24
644,150,1010000,90,12
645,150,0101000,114,12
646,150,0101000,90,12
647,75,0101000,102,12
648,75,1010100,90,12
649,320,1010100,90,12
650,75,1010100,90,12
651,51,0101000,150,12
652,66,1000000,228,24
653,162,1010100,126,12
654,67,0000100,126,12
655,70,0000100,186,24
656,27,1000000,186,24
657,9,1010000,186,24
658,177,0101000,90,12
2328,32,1000000,90,36
2329,32,1000000,90,36
2330,32,1000000,90,36
2331,32,1000000,90,36
2332,32,1000000,90,36
2333,32,1000000,90,36
2334,32,1000000,90,36
2335,32,1000000,90,36
2336,32,1000000,90,36
2337,32,1000000,90,36
659,190,1000000,198,12
660,190,0100000,198,12
661,190,0001000,198,12
662,190,0000100,198,12
663,150,0010000,198,12
664,150,0010000,210,12
665,269,0101000,126,12
666,269,0101000,126,12
667,269,0101000,126,12
668,269,0101000,126,12
669,269,0101000,126,12
670,270,1010100,102,12
671,53,0001000,126,12
672,52,0001000,162,12
673,156,1010100,150,12
674,156,1010100,162,12
675,156,0000100,102,12
676,156,0000100,114,12
677,168,1010100,138,12
678,168,0000100,150,12
679,195,1010000,126,12
680,195,1010000,138,12
681,195,0000100,162,12
682,195,0000100,174,12
683,182,0101000,102,12
684,182,0101000,114,12
685,182,0000100,186,12
686,182,0000100,198,12
687,268,0101000,126,12
688,268,0101000,138,12
689,120,0101000,162,12
690,75,1010000,114,12
691,75,0000100,114,12
692,99,0100000,114,12
693,50,1000000,186,24
694,50,0100000,186,24
695,50,0010000,186,24
696,50,0001000,186,24
697,50,0000100,186,24
698,200,1010100,90,12
699,50,0101000,90,18
700,50,1010100,90,12
701,50,1010100,90,12
702,178,1010000,90,12
703,50,1010100,90,12
704,118,0101000,126,18
705,190,1010100,90,12
706,190,1010100,90,12
707,50,1010100,90,12
708,50,1010100,90,12
709,118,0101000,126,18
710,118,0101000,126,18
711,50,1010100,90,12
712,50,1010100,90,12
713,118,1010100,90,12
714,50,1010100,90,12
715,118,1010100,90,12
716,50,1010100,90,12
717,92,1010000,90,12
718,75,0101000,90,18
719,80,1010000,102,12
720,0,0101000,144,18
721,0,0101000,144,18
722,0,0101000,90,18
723,150,1010100,90,12
724,0,1010100,90,12
725,140,0101000,90,18
726,140,0101000,90,18
727,171,1010000,90,12
728,90,0101000,90,18
729,268,0101000,90,18
730,95,0101000,90,18
731,95,1010100,90,12
732,95,0101000,90,18
733,250,0101000,90,18
734,180,1010000,90,12
735,175,0101000,90,18
736,80,0101000,90,18
737,80,0101000,90,18
738,80,1010100,90,12
739,80,0101000,90,18
740,268,0101000,108,18
741,175,1010000,90,12
742,175,1010000,90,12
743,65,1010100,90,12
744,35,0010000,186,36
745,33,1000000,222,36
746,60,1010100,90,12
747,75,0101000,90,18
748,0,1010000,90,12
749,60,1010100,90,12
750,60,1010100,90,12
751,55,1010100,90,12
752,470,0101000,90,18
753,0,1010100,90,12
754,80,1010100,90,12
755,80,1010100,90,12
756,80,1010100,90,12
757,80,1010100,90,12
758,80,1010100,90,12
759,80,1010100,90,12
760,80,1010100,90,12
761,200,1010100,90,12
762,80,1010100,90,12
763,80,1010100,90,12
764,132,1010100,90,12
1471,40,1010100,90,12
1472,48,0101000,90,18
765,120,1010100,90,12
766,60,0101000,90,18
767,80,1010100,90,12
1473,40,0101000,90,18
1474,40,1010100,138,12
1475,45,1010100,90,12
1476,45,1010100,90,12
768,80,1010100,90,12
1477,40,0101000,90,18
1478,40,1010100,90,12
1479,40,0101000,90,18
1480,40,1010100,90,12
1481,48,0010100,162,12
1482,48,0010100,162,12
2338,48,1000000,90,12
2339,48,1000000,90,12
1483,40,0101000,90,18
1484,40,0101000,90,18
1485,40,0101000,90,18
1486,45,1010000,90,12
1487,45,1010000,90,12
1488,25,1000000,90,12
1489,25,1000000,90,12
1490,25,1000000,90,12
1491,25,1000000,90,12
769,59,0101000,90,18
1492,25,1010100,126,12
1493,43,1010100,126,12
1494,40,0101000,90,18
1495,40,0101000,90,18
1496,15,1000000,174,36
1497,48,0101000,90,18
1498,40,0101000,90,18
1499,25,1010100,126,12
1500,25,1010100,114,12
1501,30,1000000,186,36
1502,40,1010100,114,12
1503,30,0010000,216,36
1504,20,1000000,90,12
1505,20,1000000,90,36
1506,20,1000000,186,36
1507,30,1000000,216,36
1508,15,0001000,180,36
1509,25,0001000,216,36
1510,20,1000000,90,12
1511,24,0101000,108,18
1512,40,1000000,174,36
2340,30,0001000,90,12
2341,30,0001000,90,12
2342,0,0001000,90,12
2343,30,0001000,90,12
2344,30,0001000,90,12
2345,0,0001000,90,12
2346,0,0001000,90,12
2347,30,0001000,90,12
2348,0,0001000,90,12
2349,30,0001000,90,12
2350,30,0001000,90,12
2351,30,0001000,90,12
2352,30,0000100,90,12
2353,30,0000100,90,12
2354,30,0000100,90,12
2355,30,0000100,90,12
2356,30,0000100,90,12
2357,30,0000100,90,12
2358,30,0000100,90,12
2359,30,0000100,90,12
2360,30,0000100,90,12
2361,30,0000100,90,12
2362,30,0000100,90,12
2363,30,0000100,90,12
2364,30,0000100,90,12
2365,30,0000100,90,12
2366,30,0000100,90,12
2367,30,0000100,90,12
2368,30,0000100,90,12
2369,30,0000100,90,12
2370,30,0000100,90,12
2371,30,0000100,90,12
770,35,0100000,222,36
771,35,0010000,222,36
772,375,0101000,90,12
773,375,0101000,90,12
1130,20,0000100,90,12
1131,20,0000100,90,12
1132,20,0000100,90,12
1133,20,0000100,90,12
1134,20,0000100,90,12
1135,20,0000100,90,12
1136,20,0000100,90,12
1137,20,0000100,90,12
1138,20,0000100,90,12
1139,20,0000100,90,12
1140,20,0000100,90,12
1141,20,0000100,90,12
1142,20,0000100,90,12
1143,20,0000100,90,12
1144,20,0000100,90,12
1145,20,0000100,90,12
1146,20,0000100,90,12
1147,20,0000100,90,12
1148,20,0000100,90,12
1149,20,0000100,90,12
1150,20,0000100,90,12
1151,20,0000100,90,12
1152,20,0000100,90,12
1153,20,0000100,90,12
1154,20,0000100,90,12
1155,20,0000100,90,12
1156,20,0000100,90,12
1157,20,0000100,90,12
1158,20,0000100,90,12
1159,20,0000100,90,12
1160,20,0000100,90,12
1161,20,0000100,90,12
1162,20,0000100,90,12
1163,20,0000100,90,12
1164,20,0000100,90,12
1165,40,1010100,90,12
1166,40,1010100,90,12
1167,40,1010100,90,12
1168,40,1010100,90,12
1169,40,1010100,90,12
1170,40,1010100,90,12
1171,40,1010100,90,12
1172,40,1010100,90,12
1173,40,1010100,90,12
1174,40,1010100,90,12
1175,40,1010100,90,12
1176,40,1010100,90,12
1177,40,1010100,90,12
1178,40,1000000,90,12
1179,40,1010000,90,12
1180,40,1010000,162,12
1181,40,1010000,114,12
1182,40,1010000,174,12
1183,40,1010000,102,12
1184,40,1010000,102,12
1185,40,1010000,186,12
1186,40,1010000,126,12
1187,40,1010000,90,12
1188,40,1010000,150,12
1189,40,1010000,90,12
1190,40,1010000,138,12
1191,40,1010000,174,12
1192,40,1010000,138,12
1193,40,1010000,162,12
2372,20,0000100,90,12
2373,20,0000100,90,12
2374,20,0000100,90,12
2375,20,0000100,90,12
2376,20,0000100,90,12
2377,20,0000100,90,12
2378,20,0000100,90,12
2379,20,0000100,90,12
2380,20,0000100,90,12
2381,20,0000100,90,12
2382,20,0000100,90,12
2383,20,0000100,90,12
2384,20,0000100,90,12
2385,20,0000100,90,12
2386,20,0000100,90,12
2387,20,0000100,90,12
2388,20,0000100,90,12
2389,20,0000100,90,12
2390,20,0000100,90,12
2391,20,0000100,90,12
2392,20,0000100,90,12
2393,20,0000100,90,12
2394,20,0000100,90,12
2395,20,0000100,90,12
2396,20,0000100,90,12
2397,20,0000100,90,12
2398,20,0000100,90,12
2399,20,0000100,90,12
2400,20,0000100,90,12
2401,20,0000100,90,12
1194,160,1000000,210,12
1195,40,1010000,114,12
1196,40,1010000,162,12
1197,40,1010000,126,12
1198,40,1010000,150,12
1199,40,1010000,186,12
1200,40,1010000,90,12
2402,20,0000100,90,12
2403,20,0000100,90,12
2404,20,0000100,90,12
2405,20,0000100,90,12
2406,20,0000100,90,12
2407,20,0000100,90,12
2408,20,0000100,90,12
2409,20,0000100,90,12
2410,20,0000100,90,12
2411,20,0000100,90,12
2412,20,0000100,90,12
2413,20,0000100,90,12
1201,40,1010100,102,12
1202,40,1000100,102,12
2414,40,1000000,90,12
1203,40,0101000,108,18
1204,25,0101000,108,18
1205,25,0101000,108,18
1206,40,1010100,90,12
1207,40,0101000,108,18
1208,40,0100000,216,36
1209,20,0101000,126,18
1210,40,0001000,216,36
1211,40,1010100,102,12
1212,40,1010100,102,12
1213,40,1010100,162,12
1214,40,1010100,102,12
2415,40,1000000,90,12
1215,40,1010000,138,12
1216,40,0101000,126,18
1217,40,1010100,102,12
1218,40,1010100,102,12
1219,40,1010100,102,12
1220,40,1010100,102,12
1221,40,1010100,162,12
1222,40,1010100,162,12
1223,40,1010100,102,12
1224,40,1010100,102,12
1225,20,0010000,150,12
1226,40,1010100,102,12
1227,30,0101000,108,18
1228,40,1010100,102,12
1229,40,1010100,114,12
1230,40,0101000,108,18
1231,40,0101000,108,18
1232,40,0101000,108,18
1233,40,0101000,108,18
1234,40,1010100,138,12
1235,20,1010100,138,12
1236,40,1000000,114,12
774,100,0100000,198,18
1237,20,1010100,102,12
1238,20,1010100,102,12
1239,30,1010000,138,12
775,80,1010100,90,12
776,180,0001000,198,22
1240,40,1000000,186,12
1241,20,0101000,108,18
1242,40,0101000,108,18
1243,20,1010100,138,12
1912,22,1010000,114,12
1913,22,1010000,114,12
1914,22,1010000,114,12
1915,22,1010000,114,12
1916,22,1010000,114,12
1917,22,1010000,114,12
1918,22,1010000,114,12
1919,22,1010000,114,12
1920,22,1010000,114,12
1921,22,1010000,114,12
1922,22,1010000,114,12
1923,22,1010000,114,12
1924,15,1000000,114,12
1925,8,0100000,162,36
1926,8,0100000,162,36
1927,15,1000000,114,12
1928,8,1000000,114,24
1929,8,1000000,114,24
1930,15,0100000,186,12
1931,15,0100000,186,24
1932,19,1000000,102,12
777,210,0101000,108,18
1933,22,1010000,114,12
1934,22,1010000,114,12
1935,13,1000000,138,24
1936,13,0010000,138,24
1937,15,1010000,114,12
1938,15,1010000,114,12
1939,15,1010000,114,12
1940,15,1010000,114,12
1941,15,1010000,114,12
1942,15,1010000,114,12
1943,15,0001000,186,12
1944,15,0001000,198,12
1945,15,1010000,114,12
1946,15,1010000,114,12
1947,15,1010000,114,12
1948,15,1010000,114,12
1949,30,1010100,114,12
1950,8,0101000,138,12
1951,8,0101000,150,12
1952,10,1010000,114,12
1953,10,1010000,114,12
1954,10,0100000,162,24
1955,10,0001000,162,24
1956,10,1010000,114,12
1957,10,1010000,114,12
1958,10,1010000,114,12
1959,10,1010000,114,12
1960,8,1010000,114,12
1961,8,1010000,114,12
1962,10,0000100,186,24
1963,10,0000100,114,12
1964,10,0000100,138,12
1965,10,1000100,126,12
1966,10,1010000,114,12
1967,10,1010000,114,12
1968,15,1000000,186,24
1969,15,1000000,186,24
1970,15,0010000,186,12
1971,15,0010000,186,12
1972,15,0010000,198,12
1973,15,0010000,198,12
1974,20,1000000,162,12
1975,20,0010000,162,24
778,196,0100000,162,12
779,65,0010000,90,24
780,70,1010100,162,24
781,30,0000100,126,12
782,75,1101100,90,12
783,69,1001000,126,12
784,30,1000000,150,12
785,30,0010000,150,24
786,30,0101000,138,12
787,30,0101000,138,12
788,20,0001000,102,12
789,35,1001000,126,12
790,63,1101000,102,12
791,63,0000100,138,12
792,44,0101000,114,12
793,44,0010000,150,24
794,35,1001100,90,12
795,0,0000100,90,24
796,31,1000000,90,12
797,60,0100000,114,24
798,60,0001000,114,12
799,196,0010100,114,12
800,70,1000000,90,24
801,70,1100000,102,12
802,20,0100000,204,24
803,82,0100000,126,12
2416,20,0101000,162,12
2417,20,0101000,174,12
2418,24,0101000,90,18
